Name;instagram_username;instagram_url;external_url;Email
Mykonos Villa - The Outer Banks;mykonos101;https://www.instagram.com/mykonos101;https://www.facebook.com/profile.php?id=61553829222555&mibextid=LQQJ4d;NULL
Azure_Horizon_suites&villa_Mykonos;azure_horizon_mykonos;https://www.instagram.com/azure_horizon_mykonos;https://www.azurehorizonmykonos.com/;NULL
Villa Aether Mykonos;villa_aether_mykonos;https://www.instagram.com/villa_aether_mykonos;http://www.aethervillamykonos.com/;NULL
Mykonos Villas Florios;mykonosvillasflorios;https://www.instagram.com/mykonosvillasflorios;https://mykonosvillasflorios.com/;NULL
Mykonos Luxury Villas - Blue Collection Greece ;bluecollectiongreece;https://www.instagram.com/bluecollectiongreece;https://linktr.ee/blue_collection;NULL
Villa Mykonos;villamykonos_;https://www.instagram.com/villamykonos_;https://linktr.ee/villamykonos_;NULL
Lia Villas Mykonos;lia_villas_mykonos;https://www.instagram.com/lia_villas_mykonos;http://liavillasmykonos.com/;NULL
M Mykonos Villas;m.mykonos.villas;https://www.instagram.com/m.mykonos.villas;https://mykonian.villas/;NULL
Diles Villas Mykonos;dilesvillas;https://www.instagram.com/dilesvillas;https://www.dilesvillas.com/;NULL
Coco’s villa;cocos.villa.mykonos;https://www.instagram.com/cocos.villa.mykonos;https://mykonoscocosvilla.com/;NULL
Mykonos Hotels & Villas;hotelsmykonos;https://www.instagram.com/hotelsmykonos;https://x.com/hotelsmykonos;NULL
KK Mykonos Village;kkmykonosvillage;https://www.instagram.com/kkmykonosvillage;https://www.kkmykonosvillage.gr/;NULL
Villa Aera;villaaeramykonos;https://www.instagram.com/villaaeramykonos;https://www.villaaeramykonos.com/;NULL
Ibiza/Mallorca/Mykonos/Italy Villas;pamperretreats;https://www.instagram.com/pamperretreats;http://www.pamperretreats.com/?fbclid=IwAR0uItcpIxyjyrQW9Sxv7i8x125EJLVazTZwZuh5AIJ4yYk-WNbnrnwiSv0;NULL
Diana Villa Mykonos;diana.villa.mykonos;https://www.instagram.com/diana.villa.mykonos;http://www.dianavillamykonos.com/;NULL
VILLAS MYKONOS;villa.mykonos;https://www.instagram.com/villa.mykonos;https://mykonosvilla.com/;NULL
Pasithea Villas Mykonos;pasithea.villas.mykonos;https://www.instagram.com/pasithea.villas.mykonos;http://www.pasitheavillasmykonos.com/;NULL
Alia Villa Mykonos;aliamykonos;https://www.instagram.com/aliamykonos;http://www.aliamykonos.com/;NULL
MG VILLAS | MYKONOS;mgvillasmykonos;https://www.instagram.com/mgvillasmykonos;http://www.mgvillasmykonos.com/;NULL
Bonzoe Suites & Villas;bonzoe.mykonos;https://www.instagram.com/bonzoe.mykonos;https://bonzoe.gr/;NULL
Dio Villa Mykonos;dio_villa_mykonos;https://www.instagram.com/dio_villa_mykonos;http://www.diovillamykonos.com/;NULL
Villa Evi Mykonos;villaevimykonos;https://www.instagram.com/villaevimykonos;http://villaevimykonos.com/;NULL
Villa Ava Mykonos;villa_ava_mykonos;https://www.instagram.com/villa_ava_mykonos;https://www.villa-ava.gr/;NULL
Silver Breeze;silverbreezevilla_mykonos;https://www.instagram.com/silverbreezevilla_mykonos;https://www.silverbreezevilla.com/;NULL
Mykonos Top Villas;mykonostopvillas;https://www.instagram.com/mykonostopvillas;http://www.mykonostopvillas.com/;NULL
Mykonos Rocky Villas;mykonos_rocky_villas;https://www.instagram.com/mykonos_rocky_villas;http://www.mykonosrockyvillas.com/;NULL
Villas Mykonos Rent;villasmykonosrent;https://www.instagram.com/villasmykonosrent;https://villasmykonosrent.com/;NULL
Loyal Villas Luxury;loyalvillasluxury;https://www.instagram.com/loyalvillasluxury;http://www.loyalvillasluxury.com/;NULL
Villa mykonos  ;villa_de_mykonos;https://www.instagram.com/villa_de_mykonos;https://wa.me/message/V6EBYHIXNMBOJ1;NULL
Leno Villas  Mykonos;lenovillasmykonos;https://www.instagram.com/lenovillasmykonos;https://www.lenovillas.com/;NULL
Vesper Jewel Villa Mykonos;vesperjewelmykonos;https://www.instagram.com/vesperjewelmykonos;https://vesperjewel.com/;NULL
Mykonos Panormos Villas;mykonospanormosvillas;https://www.instagram.com/mykonospanormosvillas;http://www.mykonospanormosvillas.com/;NULL
Adella Luxury Villa Mykonos;adella_villa_mykonos;https://www.instagram.com/adella_villa_mykonos;http://adella-mykonos.com/;NULL
Golden Sun Villas Mykonos;goldensunvillasmykonos;https://www.instagram.com/goldensunvillasmykonos;https://www.goldensunvillasmykonos.com/;NULL
Spritz Luxury Villa Mykonos;spritz_luxury_villa;https://www.instagram.com/spritz_luxury_villa;https://www.airbnb.com/slink/aNKGKXCD;NULL
Eden View Suites & Villas Mykonos;edenviewmykonos;https://www.instagram.com/edenviewmykonos;http://www.edenviewmykonos.com/;NULL
Summer Breeze Villa Mykonos;summerbreezevillamykonos;https://www.instagram.com/summerbreezevillamykonos;https://summerbreeze.com.gr/;NULL
Merchia Bay Villas Mykonos;merchiabayvillasmykonos;https://www.instagram.com/merchiabayvillasmykonos;http://www.merchiabayvillas.com/;NULL
Nasta Intentional Living Mykonos;nastamykonos;https://www.instagram.com/nastamykonos;https://www.nastamykonos.com/;NULL
Elegant Villa Mykonos;elegantvillamykonos;https://www.instagram.com/elegantvillamykonos;https://www.elegantmykonos.com/;NULL
Villa Tama;tama_mykonos;https://www.instagram.com/tama_mykonos;https://www.tamamykonos.com/;NULL
BlackandWhite VillasFtelia;black_white_villas_mykonos;https://www.instagram.com/black_white_villas_mykonos;https://blackandwhitevillas-ftelia.com/;NULL
Natural Stone Villas Mykonos;nsvmykonos;https://www.instagram.com/nsvmykonos;https://www.instagram.com/giannis_kaliviwtis?igsh=MnpkZzNvczJmbmxx&utm_source=qr;NULL
Tranquil Villas Mykonos;tranquil_villas_mykonos;https://www.instagram.com/tranquil_villas_mykonos;http://www.whitelistmykonos.com/;NULL
Blue Luxury Villas Mykonos;blueluxuryvillas;https://www.instagram.com/blueluxuryvillas;http://blueluxuryvillasmykonos.com/;NULL
Cosset Villas Mykonos;cossetvillas;https://www.instagram.com/cossetvillas;http://cossetvillasmykonos.gr/;NULL
Mykonos Divino Villas;mykonosdivino;https://www.instagram.com/mykonosdivino;http://www.mykonosdivino.com/;NULL
BLUE LAGOON VILLAS™ | Mykonos;bluelagoonvillas;https://www.instagram.com/bluelagoonvillas;https://www.homeaway.co.uk/p822137;NULL
Sharm Hotel Mykonos;sharm_hotel_mykonos;https://www.instagram.com/sharm_hotel_mykonos;https://sharmhotelmykonos.com/;NULL
Anarina Villas Mykonos;anarina_villas_mykonos;https://www.instagram.com/anarina_villas_mykonos;http://anarinavillas.com/;NULL
Nereus Villas Mykonos;nereus_mykonos;https://www.instagram.com/nereus_mykonos;http://www.nereusvillasmykonos.com/;NULL
Maera Villas ;maeravillas;https://www.instagram.com/maeravillas;http://maeravillas.com/;NULL
Ethereal Villa Mykonos;etherealvillamykonos;https://www.instagram.com/etherealvillamykonos;http://www.etherealvillamykonos.gr/;NULL
Katikies Villas Mykonos;katikiesvillasmykonos;https://www.instagram.com/katikiesvillasmykonos;https://linktr.ee/katikiesvillasmykonos;NULL
VIBH? Estate - Mykonos;vibhu_hotels_and_villas;https://www.instagram.com/vibhu_hotels_and_villas;http://www.vibhuhotelsandvillas.com/;NULL
Collini Suites&Villas Mykonos;collinivillasmykonos;https://www.instagram.com/collinivillasmykonos;https://www.collinivillas.com/;NULL
Lyra Villas Mykonos;lyravillasmykonos;https://www.instagram.com/lyravillasmykonos;http://www.lyravillasmykonos.com/;NULL
Chrysanthemo Villas Mykonos;chrysanthemovillasmykonos;https://www.instagram.com/chrysanthemovillasmykonos;http://www.chrysanthemo.gr/;NULL
Mykonos High;mykonoshigh_ofc;https://www.instagram.com/mykonoshigh_ofc;http://mykonoshigh.com/;NULL
Psarou Summer Villas ;psv_mykonos;https://www.instagram.com/psv_mykonos;http://www.psarousummervillas.com/;NULL